{"cameraMode":{"drawMode":0,"name":"Shaded","section":"Shading Mode"},"sceneLighting":true,"audioPlay":false,"sceneViewState":{"m_AlwaysRefresh":false,"showFog":true,"showSkybox":true,"showFlares":true,"showImageEffects":false,"showParticleSystems":true,"showVisualEffectGraphs":true,"m_FxEnabled":true},"in2DMode":false,"pivot":{"x":-13.710160255432129,"y":-1685.9317626953125,"z":2350.13134765625},"rotation":{"x":-0.30392390489578249,"y":0.004160323180258274,"z":0.00582520104944706,"w":-0.956082284450531},"size":1477.8074951171875,"orthographic":false}